"MAE","SPEARMAN"
1.81751796499804,0.830502151597184
